{
  "accuracy": 0.3125,
  "precision": 0.2604166666666667,
  "recall": 0.3125,
  "f1": 0.2644230769230769,
  "per_class_accuracy": {
    "Critical": 0.0,
    "High": 0.6666666666666666,
    "Medium": 0.42857142857142855,
    "Low": 0.0
  },
  "confusion_matrix": [
    [
      0,
      1,
      2,
      0
    ],
    [
      0,
      2,
      0,
      1
    ],
    [
      0,
      4,
      3,
      0
    ],
    [
      0,
      2,
      1,
      0
    ]
  ]
}